{"cameraMode":{"drawMode":0,"name":"Shaded","section":"Shading Mode"},"sceneLighting":false,"audioPlay":false,"sceneViewState":{"m_AlwaysRefresh":false,"showFog":true,"showSkybox":false,"showFlares":true,"showImageEffects":true,"showParticleSystems":true,"showVisualEffectGraphs":true,"m_FxEnabled":true},"in2DMode":false,"pivot":{"x":3.380640983581543,"y":1.8005855083465577,"z":7.005001068115234},"rotation":{"x":-0.00149978615809232,"y":-0.018896961584687234,"z":-0.0000304262139252387,"w":0.9998260736465454},"size":3.650653600692749,"orthographic":true}