{"cameraMode":{"drawMode":0,"name":"Shaded","section":"Shading Mode"},"sceneLighting":false,"audioPlay":false,"sceneViewState":{"m_AlwaysRefresh":false,"showFog":true,"showSkybox":false,"showFlares":true,"showImageEffects":true,"showParticleSystems":true,"showVisualEffectGraphs":true,"m_FxEnabled":true},"in2DMode":false,"pivot":{"x":4.611428260803223,"y":-1.0183584690093995,"z":8.240745544433594},"rotation":{"x":0.26651668548583987,"y":-0.03873662278056145,"z":0.010720368474721909,"w":0.9629937410354614},"size":3.7103376388549806,"orthographic":false}