{"cameraMode":{"drawMode":0,"name":"Shaded","section":"Shading Mode"},"sceneLighting":false,"audioPlay":false,"sceneViewState":{"m_AlwaysRefresh":false,"showFog":true,"showSkybox":false,"showFlares":true,"showImageEffects":true,"showParticleSystems":true,"showVisualEffectGraphs":true,"m_FxEnabled":true},"in2DMode":false,"pivot":{"x":5.042193412780762,"y":2.2719779014587404,"z":9.405783653259278},"rotation":{"x":0.07492949813604355,"y":0.0032874008174985649,"z":-0.00024727528216317296,"w":0.9971833825111389},"size":5.89196252822876,"orthographic":false}