{"cameraMode":{"drawMode":0,"name":"Shaded","section":"Shading Mode"},"sceneLighting":false,"audioPlay":false,"sceneViewState":{"m_AlwaysRefresh":false,"showFog":true,"showSkybox":false,"showFlares":true,"showImageEffects":true,"showParticleSystems":true,"showVisualEffectGraphs":true,"m_FxEnabled":true},"in2DMode":false,"pivot":{"x":4.193521976470947,"y":0.625361442565918,"z":4.4663286209106449},"rotation":{"x":0.3679775893688202,"y":0.049886904656887057,"z":-0.01976763643324375,"w":0.9283000230789185},"size":1.8874585628509522,"orthographic":true}