{"cameraMode":{"drawMode":0,"name":"Shaded","section":"Shading Mode"},"sceneLighting":false,"audioPlay":false,"sceneViewState":{"m_AlwaysRefresh":false,"showFog":true,"showSkybox":false,"showFlares":true,"showImageEffects":true,"showParticleSystems":true,"showVisualEffectGraphs":true,"m_FxEnabled":true},"in2DMode":false,"pivot":{"x":4.270282745361328,"y":1.2108922004699708,"z":3.813767671585083},"rotation":{"x":0.009896496310830117,"y":0.016498450189828874,"z":-0.0001632882485864684,"w":0.9998151659965515},"size":2.6841559410095217,"orthographic":true}