{"cameraMode":{"drawMode":0,"name":"Shaded","section":"Shading Mode"},"sceneLighting":false,"audioPlay":false,"sceneViewState":{"m_AlwaysRefresh":false,"showFog":true,"showSkybox":false,"showFlares":true,"showImageEffects":true,"showParticleSystems":true,"showVisualEffectGraphs":true,"m_FxEnabled":true},"in2DMode":false,"pivot":{"x":0.32273513078689577,"y":0.8116159439086914,"z":1.0046794414520264},"rotation":{"x":-0.5580577254295349,"y":-0.06308270990848541,"z":0.042602915316820148,"w":-0.8263072371482849},"size":3.341360092163086,"orthographic":false}